[
    {
        "name": "sleep",
        "time": 120,
        "desc": "Sleep cures all! Why don't you catch some z's?"

    },

    {
        "name": "faith",
        "time": 5,
        "desc": "Are you spiritual? If so, you might want to consult a higher power"
    },

    {
        "name": "vent",
        "time": 10,
        "desc": "Venting to a loved one can take the edge off. If they will listen of course"
    },

    {
        "name": "pet",
        "time": 5,
        "desc": "Just 5 minutes with a pet can put a smile on your face"
    },

    {
        "name": "drive",
        "time": 60,
        "desc": "Long drives with some music can be very peaceful"
    },

    {
        "name": "nature",
        "time": 30,
        "desc": "Experiencing the wonders of nature can put things into perspective"
    },

    {
        "name": "comedy",
        "time": 20,
        "desc": "Binging comedy on any streaming platform is a great move. It's hard to be sad while you're laughing"
    }

]